{   "h_x": [
        -0.3841300947500583,
        0.03878295861060144,
        0.5365953230759468,
        0.5784414723417195,
        0.7411241249516469,
        -0.6241572167558622,
        -0.4609895087661635,
        -0.007615718024277518,
        0.4782434942274214,
        -0.6100960167167189,
        -0.6405095065481761,
        0.07765251715030663,
        -0.4344687907780449,
        0.5218797389241974,
        -0.46061411670810526,
        -0.41296098137198967,
        0.9248110232255489,
        0.8264286523422202,
        0.1363496908115518,
        -0.029015291992941616
    ],
    "h_z": [
        0.13788044023849122,
        -0.8680715448211151,
        0.7762213398005142,
        0.8593163543481379,
        0.35938408275225986,
        0.08855163284966783,
        -0.6243013156839929,
        0.2365269243700283,
        -0.2517444632292354,
        0.867164336543846,
        0.296282404856135,
        0.3435823547580954,
        0.8631471356486622,
        0.3399761708363991,
        -0.5357509772547095,
        -0.4883312979088732,
        -0.5500163526392827,
        -0.8385986892423059,
        -0.6319995154933682,
        0.44989873651812795
    ],
    "k": 3,
    "t": 0.01,
    "w": 10
}